Asset ID,Title,Thumbnail URL,Downloads,Downloads/Month,Creator,Creator ID,Category,Media Type,Content Type,Premium,Dimensions,Creation Date,Keywords,Adobe Stock URL
1877416364,"A modern home office setup features a triple monitor workstation on a wooden desk next to a sunlit window with a view of nature",https://t4.ftcdn.net/jpg/18/77/41/63/360_F_1877416364_euVNuZWk1pVnqIA1GulHNl5rEYgLEXNx.jpg,2,1.7,"Bussakon",210518839,"Technology",Illustration,image/jpeg,Standard,5824 x 3264,15 Jan 2026,"multi, monitor, setup, desk, bright, screen, keyboard, mouse, chair, window, plant, pot, wood, natural, indoor, office, workspace, technology, equipment, computer, display, input, furniture, seat, view, sunlight, lighting, home, interior, modern, professional, productive, work, study, digital, coding, programming, development, software, application, organised, clean, functional, ergonomic, comfortable, nature, green, tree, beige",https://stock.adobe.com/stock-photo/id/1877416364
1883023115,"Deliciously roasted chicken breast expertly sliced and garnished with fresh rosemary served on a rustic plate",https://t4.ftcdn.net/jpg/18/83/02/31/360_F_1883023115_v879RybNQJuEjyVEPrxeArio9eTcs5e5.jpg,3,3,"Bussakon",210518839,"Food",Photo,image/jpeg,Standard,5824 x 3264,20 Jan 2026,"sliced, roasted, chicken, breast, rosemary, rustic, plate, meat, poultry, cooked, grilled, seasoned, herb, garnish, meal, dish, food, cookery, epicure, delicious, savoury, protein, dinner, lunch, accessing, main, course, juicy, gold, brown, crispy, tender, succulent, fresh, green, woody, ceramic, surface, background, table, wood, texture, closeup, detail, presentation, serving, appetising, healthy",https://stock.adobe.com/stock-photo/id/1883023115
1892724719,"A detailed underwater ro view of a glistening ribbed limpet shell on a rocky seabed with algae",https://t4.ftcdn.net/jpg/18/92/72/47/360_F_1892724719_WxdMZeHBPITj0seImQMjToZT456RJbJD.jpg,1,1,"Bussakon",210518839,"Animals",Photo,image/jpeg,Standard,5824 x 3264,28 Jan 2026,"shell, mollusc, marin, sea, ocean, creature, animal, invertebrate, gastropod, underwater, ocean floor, reef, rock, nature, aquatic, water, floor, environment, ecosystem, coastal, ribbed, textured, brown, orange, patterned, wet, glistening, organic, natural, wildlife, detail, closeup, history, biology, life, serene, tranquil, bottom, surface, algae, small, tiny, solitary, hard, protective, home",https://stock.adobe.com/stock-photo/id/1892724719
1873047433,"A diverse group of people attend a business presentation or meeting in a modern indoor setting",https://t3.ftcdn.net/jpg/18/73/04/74/360_F_1873047433_OkYmrNar02DIS7rIIPCEwMYqKIeXkLEu.jpg,2,1.6,"Bussakon",210518839,"Lifestyle",Photo,image/jpeg,Standard,5824 x 3264,11 Jan 2026,"audience, presentation, meeting, learning, business, people, speaker, discussion, conference, seminar, lecture, education, training, indoor, room, office, corporate, work, group, listening, watching, presenter, screen, sharpened, attention, engagement, professional, modern, seated, view, curly, hair, man, woman, diverse, light, interior, session, event, gathering, development, insight, cognition, communication, team, adult, workshop, strategy, information",https://stock.adobe.com/stock-photo/id/1873047433
1890915406,"A concrete beam suspended by chains is lifted by a construction crane",https://t3.ftcdn.net/jpg/18/90/91/54/360_F_1890915406_GBL8kyeYIf3ffSkQn4KTHEPViun5Toix.jpg,2,2,"Bussakon",210518839,"Industry",Photo,image/jpeg,Standard,5824 x 3264,27 Jan 2026,"construction, crane, beam, concrete, lifting, industry, site, building, material, heavy, work, infrastructure, engineering, project, structure, chain, metal, equipment, outdoors, sky, cloud, blue, daylight, urban, development, foundation, support, logistic, delivery, process, industrial, steel, rigging, hoist, suspension, architecture, activity, civil",https://stock.adobe.com/stock-photo/id/1890915406
1894198148,"Industrial pipeline emitting steam showcasing heavy industry infrastructure and energy production processes",https://t4.ftcdn.net/jpg/18/94/19/81/360_F_1894198148_bEpSKOSPeTKcE5gXNDKFFrET9QQ4JP8J.jpg,1,1,"Bussakon",210518839,"Industry",Photo,image/jpeg,Standard,5824 x 3264,29 Jan 2026,"pipeline, industrial, steam, heat, factory, energy, manufacturing, infrastructure, transport, metal, pipe, conduit, system, plant, facility, structure, steel, material, component, connection, joint, bolt, flange, vapour, haze, hot, flowing, pressure, processing, production, active, working, generating, sky, background, setting, complex, equipment, technology, modern, exterior, power, oil, gas, chemical, refinery, thermal, distribution",https://stock.adobe.com/stock-photo/id/1894198148
1891167955,"A row of weathered wooden support brackets is affixed to a grey concrete wall at an outdoor construction site",https://t4.ftcdn.net/jpg/18/91/16/79/360_F_1891167955_qA42JxYzHPVrcaHCAvN0eCOwhNOufvof.jpg,1,1,"Bussakon",210518839,"Industry",Photo,image/jpeg,Standard,5824 x 3264,27 Jan 2026,"wooden, support, bracket, concrete, wall, construction, site, row, weathered, structure, industry, building, material, element, fixture, project, frame, carpenter's shop, development, framework, assembly, temporary, component, reinforcement, hardware, material, wood, beam, plank, timber, formwork, setting, architectural, planning, design, outdoors, daytime, rough, textured, orange, brown, grey, industrial, work, infrastructure, stage, process, raw, equipment",https://stock.adobe.com/stock-photo/id/1891167955
1901960294,"A person wearing a cap sits in front of a bright computer screen in a dimly lit room",https://t3.ftcdn.net/jpg/19/01/96/02/360_F_1901960294_7WDm6cL0SRfJaJbsgKnxEIuB3avpsgNV.jpg,1,1,"Bussakon",210518839,"People",Photo,image/jpeg,Standard,5824 x 3264,5 Feb 2026,"person, cap, computer, screen, bright, lit, room, sitting, front, silhouette, back, head, shoulder, clothing, focused, individual, user, desk, office, workstation, interior, dark, shadow, night time, blind, window, plant, speaker, working, browsing, using, concentrating, technology, digital, online, connected, solitude, quiet, contemplation, thinking, private, alone, glow, light, blue",https://stock.adobe.com/stock-photo/id/1901960294
1893841578,"A dramatic beam of light illuminates a swirling cloud of dust and dirt on a concrete floor in a dark interior",https://t4.ftcdn.net/jpg/18/93/84/15/360_F_1893841578_fXLwEEAtXcYSIq8w8HUydBwD3uX1ROWh.jpg,1,1,"Bussakon",210518839,"Industry",Photo,image/jpeg,Standard,5824 x 3264,29 Jan 2026,"dust, cloud, air, floor, concrete, dancing, over, light, beam, sunlight, interior, dark, gritty, particle, motion, movement, spreaded, illuminated, ground, rough, texture, natural, atmosphere, suspended, airborne, drift, haze, smoky, misty, dusty, dirt, earth, brown, gold, warm, bright, contrast, dramatic, abstract, atmospheric, forgotten, abandoned, old, empty, space, room, structure, illumination, dry",https://stock.adobe.com/stock-photo/id/1893841578
1891141759,"Close up view of a thick grey rope safety net with bright yellow bindings secured to an outdoor construction structure",https://t4.ftcdn.net/jpg/18/91/14/17/360_F_1891141759_3f1bonSCvFSJbUWym7Fdy2aIbhSxtYmx.jpg,2,2,"Bussakon",210518839,"Industry",Photo,image/jpeg,Standard,5824 x 3264,27 Jan 2026,"rope, safety, net, yellow, binding, construction, closeup, detail, mesh, cable, knot, threaded, texture, strong, tied, secured, grid, pattern, fiber, cord, structure, support, urban, weathered, surface, rough, hard-wearing, thick, security, material, twisted, woven, suspended, background, blurred, architecture, abstract, manufactured, engineering, utility, connection, metallic, grey",https://stock.adobe.com/stock-photo/id/1891141759
1868259513,"A professional in a white lab coat meticulously reviews a checklist on a clipboard in a clean industrial environment",https://t4.ftcdn.net/jpg/18/68/25/95/360_F_1868259513_3kb0C7NtscOdDelRbe9StjX0lIUZkuv3.jpg,2,1.4,"Bussakon",210518839,"Industry",Photo,image/jpeg,Standard,5824 x 3264,7 Jan 2026,"professional, inspecting, checklist, clipboard, laboratory, person, hand, pen, writing, checking, recording, observing, analysing, reviewing, working, laboratory, coat, white, clean, focused, serious, detailed, organised, technical, scientific, control, safety, research, development, health, compliance, inspecting, datum, information, record, report, task, plan, human, male, adult, 1, employee, manager, individual, sterile, industrial, manufacturing, production",https://stock.adobe.com/stock-photo/id/1868259513
1913185100,"A single lit candle in a dimly lit church sanctuary surrounded by other glowing candles",https://t4.ftcdn.net/jpg/19/13/18/51/360_F_1913185100_GA5VvEDa5IHkHQ5AxeY0t8hvqNcX9IlR.jpg,1,1,"Bussakon",210518839,"Culture and Religion",Photo,image/jpeg,Standard,5824 x 3264,14 Feb 2026,"candle, glowing, church, sanctuary, light, illuminating, sacred, wall, quiet, religious, flames, wax, wick, glow, warmth, heat, fire, energy, interior, spiritual, holy, altar, building, architecture, column, hall, room, aisle, space, solemn, peaceful, serene, tranquil, contemplation, meditation, prayer, ceremony, ritual, event, gathering, belief, devotion, soft, warm, bright, bokeh, blur, dim",https://stock.adobe.com/stock-photo/id/1913185100
1891322494,"A neat stack of documents and papers rests on a polished wooden desk in a modern office setting",https://t3.ftcdn.net/jpg/18/91/32/24/360_F_1891322494_wKzr8A5n0n403BjaftMQrnKbwOlb7HKm.jpg,3,3,"Bussakon",210518839,"Hobbies and Leisure",Photo,image/jpeg,Standard,5824 x 3264,27 Jan 2026,"stack, document, paper, desk, wooden, office, neat, polished, modern, setting, organisation, file, work, information, business, report, folder, study, research, project, paperwork, table, interior, indoor, workspace, clean, tidy, organised, administrative, planning, legal, archive, storage, record, review, analysis, management, sharpened, learning, cognition, texture, white, brown, layered, smooth, professional, serious, academic, essential",https://stock.adobe.com/stock-photo/id/1891322494
1903817278,"A grey filing cabinet drawer opens to reveal rows of organized yellow folders and envelopes in an office",https://t3.ftcdn.net/jpg/19/03/81/72/360_F_1903817278_SEedYGTXBKNSlTxh3aKaYDcOGxJ6eQbL.jpg,1,1,"Bussakon",210518839,"Business",Photo,image/jpeg,Standard,5824 x 3264,6 Feb 2026,"filing, cabinet, drawer, open, folder, yellow, envelope, document, storage, organisation, office, professional, workspace, datum, information, record, archive, file, paper, supply, metal, grey, interior, workplace, business, management, system, research, secure, catalog, inventory, administrative, confidential, important, access, sorting, tidy, neat, stationery, bureaucracy, paperwork, compartment, binder, label, tab, documentation, industrial",https://stock.adobe.com/stock-photo/id/1903817278
1890023443,"Row of empty clear glass bottles with golden screw caps arranged neatly under soft lighting in a manufacturing or industrial facility",https://t3.ftcdn.net/jpg/18/90/02/34/360_F_1890023443_QAWzWuPW3ifC4LU5Adv4R3LgC1FvFQE4.jpg,1,1,"Bussakon",210518839,"Science",Photo,image/jpeg,Standard,5824 x 3264,26 Jan 2026,"row, empty, clear, glasses, bottle, gold, screw, cap, soft, lighting, manufacturing, industrial, facility, bottle, transparent, container, ampoule, jar, liquid, production, factory, clean, sterile, shiny, reflective, smooth, light, metallic, cap, seal, new, line, array, series, many, multiple, group, collection, storage, shelf, process, wholesale, commercial, bulk, cardboard box, beverage, laboratory, food, drink",https://stock.adobe.com/stock-photo/id/1890023443
1889566216,"Stack of rough concrete slabs on a wooden pallet in a dimly lit industrial warehouse",https://t3.ftcdn.net/jpg/18/89/56/62/360_F_1889566216_Moa6baVn26zgFPUlQXWvSOrMjoDCv32q.jpg,1,1,"Bussakon",210518839,"Industry",Photo,image/jpeg,Standard,5824 x 3264,26 Jan 2026,"stack, concrete, slab, pallet, wood, warehouse, industrial, block, material, construction, forklift, timbering, building, floor, roof, ceiling, beam, equipment, cargo, load, supply, good, indoor, storage, factory, distribution, production, workshop, natural, light, stack, heavy, rough, grey, solid, raw, unfinished, weathered, textured, dull, matte, handling, logistic, shipping, trade, manufacturing, infrastructure, work, structure",https://stock.adobe.com/stock-photo/id/1889566216
1910763988,"A single amber glass bottle with a metal cap rests on a wooden surface in a storage area",https://t4.ftcdn.net/jpg/19/10/76/39/360_F_1910763988_XKwhpXmJidLTUYxRu4pAt6ti2RDUz4ND.jpg,1,1,"Bussakon",210518839,"Science",Photo,image/jpeg,Standard,5824 x 3264,12 Feb 2026,"bottle, glasses, amber, liquid, cap, metal, storage, laboratory, sample, container, ampoule, brown, shelf, warehouse, research, science, chemical, substance, specimen, test, medicine, drug, fluid, content, mystery, curiosity, discovery, isolation, sharpened, detail, exam, precision, clinical, retro, antique, traditional, essential, equipment, supply, background, blurred, depth, shallow, light, illuminated, wood, crate, indoor, industrial",https://stock.adobe.com/stock-photo/id/1910763988
1889951736,"Close up of a wet smooth concrete floor in an unfinished industrial building showing construction progress with blurred background elements",https://t4.ftcdn.net/jpg/18/89/95/17/360_F_1889951736_1XwOe0orXRwrBXTu4NCRqhEq2poZ6Yxz.jpg,1,1,"Bussakon",210518839,"Transport",Photo,image/jpeg,Standard,5824 x 3264,26 Jan 2026,"wet, concrete, floor, construction, industrial, building, site, texture, surface, ground, smooth, material, interior, indoor, new, unfinished, footed, grey, aggregate, damp, sheen, pillar, structure, column, project, development, progress, renovation, factory, warehouse, hall, ceiling, light, infrastructure, empty, nobody, clear, open, expanse, detail, closeup, architectural, design, background, foundation, polish, modern, minimalist",https://stock.adobe.com/stock-photo/id/1889951736
1891372569,"A dense wall densely covered with colorful sticky notes symbolizing ideas planning and organization",https://t4.ftcdn.net/jpg/18/91/37/25/360_F_1891372569_DtVx6P9pw5jRpWZKLXAVAKTfYL0NsKsD.jpg,1,1,"Bussakon",210518839,"Business",Photo,image/jpeg,Standard,5824 x 3264,27 Jan 2026,"colourful, wall, idea, planning, organisation, note, background, creativity, task, yellow, pink, blue, orange, green, paper, project, strategy, brainstorming, communication, work, study, learning, goal, progress, information, datum, analysis, solution, motivation, document, visual, system, chart, map, list, agenda, schedule, collage, pattern, arrangement, surface, texture, closeup, sharpened, blurred, depth, vibrant, scattered, overlapping",https://stock.adobe.com/stock-photo/id/1891372569
1913973560,"Dramatic side profile silhouette of a man illuminated by contrasting light against a blurred colorful background",https://t4.ftcdn.net/jpg/19/13/97/35/360_F_1913973560_aNLSgxZRTxBMb5pM9kleQ3QWtCUjNCoe.jpg,1,1,"Bussakon",210518839,"Business",Photo,image/jpeg,Standard,5824 x 3264,15 Feb 2026,"silhouette, profile, dramatic, man, light, contrast, background, colourful, blurred, side, shadow, dark, face, head, person, contemplative, thought, mood, serious, intense, abstract, colours, red, blue, orange, muted, deep, closeup, portrait, human, individual, solitary, sharpened, detail, sharp, atmospheric, moody, expressive, concept, idea, contemplation, emotion, feeling, mystery, hidden, view, plaster bandage, backlit",https://stock.adobe.com/stock-photo/id/1913973560
1891373137,"Colorful sticky notes are arranged on a glass surface in a blurred background of a business meeting",https://t4.ftcdn.net/jpg/18/91/37/31/360_F_1891373137_QgnXApG8p9KtMPJEzwh2BzBywfaEL0P8.jpg,1,1,"Bussakon",210518839,"Business",Photo,image/jpeg,Standard,5824 x 3264,27 Jan 2026,"sticky, note, paper, colourful, vibrant, adhesive, square, object, office, business, meeting, teamwork, idea, planning, brainstorming, strategy, project, discussion, group, people, blurred, background, glasses, wall, surface, modern, indoor, event, conference, workshop, creativity, communication, organisation, management, concept, development, solution, goal, sharpened, attention, important, visible, display, arrangement, pattern, texture, abstract, professional",https://stock.adobe.com/stock-photo/id/1891373137
1892445347,"Vast empty and clean industrial warehouse interior with a reflective polished concrete floor and central yellow line",https://t4.ftcdn.net/jpg/18/92/44/53/360_F_1892445347_IiqNx0uX0c2hNfPh9yYbUZE6N4V98DF7.jpg,3,3,"Bussakon",210518839,"Buildings and Architecture",Photo,image/jpeg,Standard,5824 x 3264,28 Jan 2026,"warehouse, factory, industrial, building, interior, space, hall, loft, site, facility, construction, empty, vacant, clean, polished, concrete, floor, ceiling, roof, light, illumination, column, beam, structure, modern, new, large, huge, shiny, glossy, smooth, line, yellow, grey, white, bright, perspective, symmetry, depth, architectural, design, logistic, storage, production, manufacturing, commerce, business, development",https://stock.adobe.com/stock-photo/id/1892445347
1891140810,"Dense network of tangled electrical wires and cables hanging over an urban street between buildings",https://t3.ftcdn.net/jpg/18/91/14/08/360_F_1891140810_WEUmPFUN1S0f0xVzDdXbEQbKZRs9e9sE.jpg,1,1,"Bussakon",210518839,"Industry",Photo,image/jpeg,Standard,5824 x 3264,27 Jan 2026,"wire, cable, pole, electricity, urban, city, tangled, network, overhead, infrastructure, messy, chaotic, complex, dense, grid, utility, power, connection, street, alley, building, architecture, sky, overcast, looking, up, perspective, line, pattern, texture, industrial, moody, dark, atmospheric, grunge, old, weathered, hanging, draped, disorder, technology, communication, system, wiring, conduit, support, structure, energy",https://stock.adobe.com/stock-photo/id/1891140810
1904745424,"Underwater geological formations resembling pillars rise from the dark ocean floor under dim mysterious light",https://t3.ftcdn.net/jpg/19/04/74/54/360_F_1904745424_xeSq0gpgGkB5JtsHQiZevKWZkskiKbqZ.jpg,1,1,"Bussakon",210518839,"Landscapes",Photo,image/jpeg,Standard,5824 x 3264,7 Feb 2026,"underwater, ocean, rock, pillar, formation, deep, dim, light, floor, sea, marin, aquatic, water, dark, abyss, submerged, ocean floor, stone, structure, natural, geologic, erosion, texture, rough, irregular, ancient, bottom, sand, mysterious, eerie, quiet, serene, desolate, haunting, alien, abstract, dramatic, blue, brown, grey, shadow, contrast, depth, perspective, discovery, environment",https://stock.adobe.com/stock-photo/id/1904745424
1913975716,"Abstract concept of business growth illustrated by an ascending financial graph within a lush forest setting with a blurred human figure",https://t4.ftcdn.net/jpg/19/13/97/57/360_F_1913975716_MZ3BuzEXVhSg1lDHTgyYqmIcBqPtM9sV.jpg,1,1,"Bussakon",210518839,"Business",Photo,image/jpeg,Standard,5824 x 3264,15 Feb 2026,"growth, finance, nature, forest, graph, datum, progress, trend, upward, success, business, strategy, planning, development, insight, visualisation, future, economy, report, technology, digital, statistic, research, concept, abstract, green, jungle, plant, foliage, outdoors, wilderness, serene, atmosphere, light, blurred, background, person, silhouette, human, figure, journey, discovery, innovation, connection, environment, organic, natural, ecosystem",https://stock.adobe.com/stock-photo/id/1913975716
1913013394,"An expansive and empty industrial warehouse interior showcasing a rough textured concrete floor in the foreground with visible structural beams and",https://t4.ftcdn.net/jpg/19/13/01/33/360_F_1913013394_AVhxoqJS0ThwewBfy0HmpzPOQEPhxM8a.jpg,1,1,"Bussakon",210518839,"Landscapes",Photo,image/jpeg,Standard,5824 x 3264,14 Feb 2026,"industrial, warehouse, interior, empty, concrete, floor, textured, space, building, architecture, factory, raw, grunge, urban, room, hall, construction, renovation, unfinished, vacant, large, open, beam, yellow, structure, old, vintage, desolate, bleak, weathered, cement, stone, dusty, gritty, perspective, background, wall, light, ceiling, light, shadow, muted, neutral, depth, sharpened, rough, minimalist, huge, decay",https://stock.adobe.com/stock-photo/id/1913013394
1751019106,"Misty pine forest with dramatic sunbeams piercing through the dense fog creating a moody and mysterious atmosphere",https://t4.ftcdn.net/jpg/17/51/01/91/360_F_1751019106_T0hSWqYgd7xrp1565doT0HnRf1ak5HIG.jpg,1,0.2,"Bussakon",210518839,"Landscapes",Photo,image/jpeg,Standard,5824 x 3264,11 Oct 2025,"foggy, pine, forest, light, moody, mysterious, nature, tree, evergreen, coniferous, dark, fog, mist, haze, atmospheric, sunbeam, ray, shadow, deep, wild, timberland, serene, tranquil, quiet, dense, growth, branch, needle, green, blue, grey, silhouette, landscape, natural, wilderness, remote, aethereal, dramatic, ominous, cold, morning, evening, damp, humid, solitude, calmness, gloom, overcast",https://stock.adobe.com/stock-photo/id/1751019106
1904578365,"Close up view of a large gray industrial pressure vessel with intricate pipework and fittings within a brightly lit manufacturing plant",https://t4.ftcdn.net/jpg/19/04/57/83/360_F_1904578365_QPnLLgOQhSQFpsK7h4zXCceW8eyIzryK.jpg,1,1,"Bussakon",210518839,"Industry",Photo,image/jpeg,Standard,5824 x 3264,7 Feb 2026,"vessel, factory, chemical, industrial, equipment, storage, tank, manufacturing, plant, production, heavy, system, technology, engineering, construction, infrastructure, process, pipeline, valva, gauge, control, automation, safety, industry, energy, power, fluid, gas, liquid, container, cylinder, reactor, boiler, vat, cistern, reservoir, structure, metal, steel, background, interior, indoor, large, sturdy, modern, clean, bright, illumination, light",https://stock.adobe.com/stock-photo/id/1904578365
1890028316,"Close up of vibrant orange liquid being precisely poured from one glass tube to another in a scientific laboratory setting",https://t4.ftcdn.net/jpg/18/90/02/83/360_F_1890028316_SJwzID6EOzqDZNYTKrdqQjjOsQdhCVNL.jpg,1,1,"Bussakon",210518839,"Science",Photo,image/jpeg,Standard,5824 x 3264,26 Jan 2026,"orange, liquid, poured, laboratory, test, tube, pouring, science, experiment, chemical, research, analysis, yellow, amber, glassware, clear, transparent, solution, transfer, fluid, substance, scientific, equipment, sterile, clean, precision, detail, closeup, motion, flow, bright, vibrant, process, study, investigation, development, discovery, medicals, health, education, reaction, chemistry, biology, sample, dripped, container, apparatus, rack, sharpened",https://stock.adobe.com/stock-photo/id/1890028316
1913188064,"Close up of hands clasped in a praying gesture symbolizing devotion and peace in a tranquil outdoor setting",https://t3.ftcdn.net/jpg/19/13/18/80/360_F_1913188064_EhcyCp9LO8jrJstaRGlf3YloL2obOpt0.jpg,1,1,"Bussakon",210518839,"Culture and Religion",Photo,image/jpeg,Standard,5824 x 3264,14 Feb 2026,"praying, hand, gesture, worship, devotion, respect, spirituality, meditation, contemplation, peaceful, calm, serene, mindful, sacred, temple, shrine, culture, religion, human, person, stone, architecture, exterior, grey, t-shirt, closeup, detail, texture, skin, finger, nail, joint, lighting, shadow, muted, natural, hope, faith, gratitude, calmness, ritual, sharpened, awareness, silence, traditional, belief",https://stock.adobe.com/stock-photo/id/1913188064
1902674227,"A bright orange and white striped construction barrier blocks access on a city street signaling ongoing urban road work and traffic redirection",https://t3.ftcdn.net/jpg/19/02/67/42/360_F_1902674227_UBK98LvcIq18Z9slSzulb6HBuy0Vc2no.jpg,1,1,"Bussakon",210518839,"Industry",Photo,image/jpeg,Standard,5824 x 3264,5 Feb 2026,"barrier, construction, orange, white, striped, street, city, road, urban, work, barricade, safety, warning, hazard, obstacle, access, prohibited, temporary, caution, exterior, asphalt, concrete, development, maintenance, renovation, infrastructure, building, architecture, environment, background, blurred, bright, high-coloured, contrast, pattern, diagonal, reflective, metal, plastic, weathered, solid, grounded, cement, foundation, closure, restriction, control, direction",https://stock.adobe.com/stock-photo/id/1902674227
1868260319,"A magnifying glass rests on a checklist on a clipboard with a bright sky in the background",https://t4.ftcdn.net/jpg/18/68/26/03/360_F_1868260319_pmHuvVPz4eGeUs5OZbI2I2yYey3WYvH7.jpg,2,1.4,"Bussakon",210518839,"Industry",Photo,image/jpeg,Standard,5824 x 3264,7 Jan 2026,"magnifying, glasses, checklist, clipboard, inspection, review, task, paper, verification, check, complete, done, analysis, research, organisation, planning, survey, inspecting, examine, observe, sharpened, detail, precision, accuracy, clarity, decision, progress, sky, cloud, bright, daylight, nature, blue, white, yellow, brown, metal, tool, concept, strategy, solution, document, list, item, mark, selected, approved, confirm",https://stock.adobe.com/stock-photo/id/1868260319
1909438922,"A black power cord lies on the carpeted floor of a modern office hallway extending towards the distance",https://t4.ftcdn.net/jpg/19/09/43/89/360_F_1909438922_Wd8VvJRjchFMxG6wb3caxkLfezj88Bmd.jpg,1,1,"Bussakon",210518839,"Industry",Photo,image/jpeg,Standard,5824 x 3264,11 Feb 2026,"office, workspace, power, cord, cable, electricity, technology, connection, plug, floor, carpet, indoor, hallway, corridor, desk, chair, furniture, equipment, work, business, corporate, modern, professional, interior, lighting, room, empty, nobody, quiet, sharpened, productivity, energy, source, wire, extension, safety, hazard, home, commercial, environment, neutral, clean, simple, detail, closeup, perspective, low, angle, ground",https://stock.adobe.com/stock-photo/id/1909438922
1891311833,"A modern office hallway with glass doors and a polished chrome handle is slightly ajar",https://t3.ftcdn.net/jpg/18/91/31/18/360_F_1891311833_u6uULoIMVQq2Irtl4eryQjxYiXnx0Y8v.jpg,1,1,"Bussakon",210518839,"Buildings and Architecture",Photo,image/jpeg,Standard,5824 x 3264,27 Jan 2026,"office, hallway, door, glasses, modern, interior, professional, empty, light, corridor, workspace, building, architecture, corporate, clean, minimal, contemporary, room, design, business, nobody, pathway, passage, entrance, commercial, sleek, bright, private, semitransparent, reflective, polished, neutral, tidy, perspective, depth, lobby, reception, meeting, executive, welcome, structure, decor, layout, management, area, environment, carpet, window, furniture",https://stock.adobe.com/stock-photo/id/1891311833
1882637585,"A breathtaking view of the Milky Way galaxy arching over a majestic mountain range under a clear night sky",https://t4.ftcdn.net/jpg/18/82/63/75/360_F_1882637585_fY5Ufxg7ZvotT5KSBBndCom56tZH3RvC.jpg,1,1,"Bussakon",210518839,"Landscapes",Photo,image/jpeg,Standard,5824 x 3264,20 Jan 2026,"lactic, way, night, sky, mountain, landscape, astronomy, star, galaxy, cosmos, universe, space, celestial, nebula, starlight, glowing, bright, dark, blue, purple, orange, light, horizon, mountain, ridge, peak, range, hill, nature, scenic, view, panorama, huge, expanse, wilderness, nocturnal, twilight, serene, tranquil, beauty, cosmic, stellar, deep, abstract, pattern, background, aethereal",https://stock.adobe.com/stock-photo/id/1882637585
1909441202,"A yellow concrete cutting saw with a spinning blade positioned on metal bars at a construction site",https://t3.ftcdn.net/jpg/19/09/44/12/360_F_1909441202_T0k4Q5bFUr1Yuy6HECvPhbniMSaTwYTm.jpg,1,1,"Bussakon",210518839,"Industry",Photo,image/jpeg,Standard,5824 x 3264,11 Feb 2026,"saw, concrete, construction, tool, blade, yellow, metal, ground, site, cutting, power, industrial, equipment, work, urban, project, building, development, renovation, repair, heavy, industry, dust, debris, rough, grey, worn, surface, pavement, circular, teeth, sharp, closeup, sharpened, detail, cutter, labor, progress, infrastructure, safety, utility, energy, technology, engineering, structure, material, cut, tooling",https://stock.adobe.com/stock-photo/id/1909441202
1913952837,"Modern conference table with sophisticated lighting in a professional boardroom setting",https://t3.ftcdn.net/jpg/19/13/95/28/360_F_1913952837_b6uNHGRdQ1SI60dryi1SyAzoHtjsHndx.jpg,1,1,"Bussakon",210518839,"Buildings and Architecture",Photo,image/jpeg,Standard,5824 x 3264,15 Feb 2026,"modern, conference, table, sophisticated, lighting, professional, boardroom, meeting, interior, space, office, business, furniture, design, elegant, luxury, executive, corporate, workspace, room, setting, ambience, atmosphere, desk, surface, texture, stone, wood, dark, grey, pattern, smooth, sleek, clean, minimalist, formal, premium, style, decor, illumination, warmth, light, closeup, detail, sharpened, background, blurred, contrast, fixture",https://stock.adobe.com/stock-photo/id/1913952837
1913005241,"Blurred colorful bokeh lights create a vibrant and festive atmosphere at a crowded night party capturing the essence of celeb n",https://t3.ftcdn.net/jpg/19/13/00/52/360_F_1913005241_IYqtZn091pWkVRjl0E4dcz7yzmYDgsmn.jpg,0,0,"Bussakon",210518839,"Landscapes",Photo,image/jpeg,Standard,5824 x 3264,14 Feb 2026,"party, light, bokeh, dance, night, fun, atmosphere, music, event, glow, vibrant, blurred, silhouette, people, crowd, indoor, dark, abstract, mood, festive, energetic, dynamic, motion, movement, entertainment, social, gathering, joy, happiness, disco, club, occasion, holiday, background, texture, pattern, illumination, aura, creative, dream, fantasy, magic, blue, pink, purple, orange, yellow, colourful, dancing",https://stock.adobe.com/stock-photo/id/1913005241
1910787174,"A bright yellow textured safety mat lies on the floor of a modern laboratory corridor",https://t4.ftcdn.net/jpg/19/10/78/71/360_F_1910787174_xQLeXxpdJW2MOQPFeXUcRZjOuN1kj4xV.jpg,1,1,"Bussakon",210518839,"Buildings and Architecture",Photo,image/jpeg,Standard,5824 x 3264,12 Feb 2026,"yellow, mat, floor, laboratory, safety, textured, pattern, industrial, clean, sterile, aisle, pathway, grip, caution, research, science, equipment, interior, indoor, perspective, detail, surface, hard-wearing, functional, protective, security, workplace, compliance, environment, modern, bright, professional, utility, infrastructure, paseo, grid, diamond, tile, line, disrobed, contrast, geometric, development, manufacturing, facility, corridor",https://stock.adobe.com/stock-photo/id/1910787174
1911929762,"A vibrant campfire flickers casting a warm orange glow on a tent pitched by a dark body of water under a clear night sky",https://t4.ftcdn.net/jpg/19/11/92/97/360_F_1911929762_huSQEpIYcah4hIY388Bb2aligwlCf1ws.jpg,1,1,"Bussakon",210518839,"Travel",Photo,image/jpeg,Standard,5824 x 3264,13 Feb 2026,"campfire, tent, night, fire, camping, sky, light, outdoors, serene, glow, wilderness, travel, adventure, recreation, shelter, warmth, ember, smoke, peaceful, tranquil, rural, remote, landscape, water, hill, grass, dry, ground, texture, orange, red, yellow, white, blue, illumination, cosy, relaxing, overnight, journey, escape, freedom, activity, leisure, hobby, vacation, holiday, campground, dark, evening",https://stock.adobe.com/stock-photo/id/1911929762
1893841115,"Bright sunbeams pierce through a swirling cloud of golden dust creating an atmospheric glow",https://t4.ftcdn.net/jpg/18/93/84/11/360_F_1893841115_NyGLWda5dvSbKSs9pAqUR6PK0bti3cG4.jpg,1,1,"Bussakon",210518839,"Industry",Photo,image/jpeg,Standard,5824 x 3264,29 Jan 2026,"sun, light, dust, particle, smoke, air, sky, atmosphere, haze, glow, ray, flare, gold, orange, yellow, brown, dark, black, dusty, hazy, cloudy, swirling, scattering, shimmering, granular, fine, thick, dense, soft, glowing, bright, radiant, energy, power, dramatic, atmospheric, aethereal, spiritual, natural, weather, phenomena, cosmic, abstract, intense, powerful, serene, tranquil, awe",https://stock.adobe.com/stock-photo/id/1893841115
1909169328,"A hammer and rebar are placed on a concrete surface at a construction site during golden hour",https://t4.ftcdn.net/jpg/19/09/16/93/360_F_1909169328_Ua9SUweA2IX0pjLnpB1OpVOStubsozhU.jpg,1,1,"Bussakon",210518839,"Industry",Illustration,image/jpeg,Standard,5824 x 3264,11 Feb 2026,"hammer, rebar, construction, concrete, steel, tool, material, site, floor, resting, industry, metal, wood, ground, work, building, object, hardware, supply, foundation, equipment, project, manual, labor, infrastructure, rough, grey, rust-eaten, weathered, sturdy, sharpened, detail, sunlight, dusk, dawn, quiet, raw, nobody, scene, industrial, reinforcement, structure, element, component, utility, heavy, strength, durability, stack",https://stock.adobe.com/stock-photo/id/1909169328
1893639094,"Golden sunbeams pierce stormy clouds illuminating dust motes rising from a rural field at sunset",https://t3.ftcdn.net/jpg/18/93/63/90/360_F_1893639094_oW1IVc77sltelZ0W3pCxfdyunbDetDVG.jpg,1,1,"Bussakon",210518839,"Landscapes",Photo,image/jpeg,Standard,5824 x 3264,29 Jan 2026,"sunbeam, cloud, illuminating, dust, rising, rural, field, sunset, stormy, gold, light, sun, ray, sky, weather, nature, landscape, agriculture, earth, ground, air, atmospheric, mist, fog, particle, warm, orange, yellow, dark, shadow, contrast, dramatic, serene, tranquil, peaceful, beauty, natural, element, horizon, evening, hours, low, aethereal, motion, movement, glow, brilliance, sunlight",https://stock.adobe.com/stock-photo/id/1893639094
639267485,"Mystical mist. Swirling smoke in dark and light symphony. Fluid fantasia. Abstract dance of fog and light on floor with black background",https://t3.ftcdn.net/jpg/06/39/26/74/360_F_639267485_r1AqOOezx8mX4ftNlZoqWOvCvIOLqRKK.jpg,3960,132.6,"Bussakon",210518839,"Graphic Resources",Photo,image/jpeg,Standard,6144 x 3072,25 Aug 2023,"smoke, abstract, black, mist, fog, background, light, white, steam, dark, effect, design, air, stream, smoky, textured, cloud, swirl, wave, motion, grey, flow, magic, gas, smooth, space, transparent, nobody, shape, mystery, curve, mystic, fume, soft, wallpaper, pollution, vapour, smell, night, horror, vapour, dry, ice, floor, dust, blow, cloudy, art",https://stock.adobe.com/stock-photo/id/639267485
1909082633,"Close up of glistening water droplets on muddy soil in a field with young green plants emerging and a blurred background",https://t3.ftcdn.net/jpg/19/09/08/26/360_F_1909082633_h53Z0zSVzy21If5vkLNWpK8XsGEogF5c.jpg,1,1,"Bussakon",210518839,"Landscapes",Photo,image/jpeg,Standard,5824 x 3264,11 Feb 2026,"rain, water, droplet, mud, dirtied, field, plant, green, emerging, background, wet, damp, glistening, natural, nature, growth, closeup, texture, earth, moisture, rural, landscape, agriculture, new, life, sprout, shoot, surface, ground, dirt, light, soft, blurred, bokeh, misty, overcast, earthy, coarse, granular, rough, seasonal, cultivation, vegetation, element, outdoors, hope, germination",https://stock.adobe.com/stock-photo/id/1909082633
1875642849,"Monochrome close up of a focused hand gracefully writing a signature with a pen on white paper emphasizing precision and detail",https://t3.ftcdn.net/jpg/18/75/64/28/360_F_1875642849_mE3KIwc7aAUjGxI2NdUWukEUcA3U7S9Z.jpg,2,1.6,"Bussakon",210518839,"Hobbies and Leisure",Photo,image/jpeg,Standard,5824 x 3264,13 Jan 2026,"hand, writing, signature, pen, paper, document, closeup, monochrome, black, white, sharpened, precision, detail, human, finger, agreements, contract, business, work, professional, formal, communication, commitment, planning, creating, composing, thought, idea, expression, skill, elegant, classic, minimalist, light, shadow, contrast, clarity, sharp, perspective, depth, grip, touch, surface, tool, learning, study, cognition",https://stock.adobe.com/stock-photo/id/1875642849
1911897134,"A picturesque woodland stream cascades over numerous smooth rocks and pebbles surrounded by vibrant green foliage and tall trees under natural",https://t4.ftcdn.net/jpg/19/11/89/71/360_F_1911897134_0dlzCBX4iYujMtBumEmoUl3nJzLutpNH.jpg,1,1,"Bussakon",210518839,"Landscapes",Photo,image/jpeg,Standard,5824 x 3264,13 Feb 2026,"nature, forest, stream, water, rock, creek, tree, green, timberland, wilderness, natural, outdoors, flowing, stone, landscape, serene, tranquil, peaceful, refreshing, beauty, scenic, untouched, pristine, environment, foliage, vegetation, moss, earth, damp, clear, movement, ripple, cascade, geology, terrain, growth, shade, light, shadow, healthy, vibrant, quiet, solitude, remote, rural, wet, liquid, bank, bed",https://stock.adobe.com/stock-photo/id/1911897134
1901959731,"Silhouette of a person from behind backlit by bright light in a modern office environment",https://t4.ftcdn.net/jpg/19/01/95/97/360_F_1901959731_eK5ioZkVdPmpXa2BADrBJJvH7MQspJFi.jpg,1,1,"Bussakon",210518839,"People",Photo,image/jpeg,Standard,5824 x 3264,5 Feb 2026,"person, silhouette, back, head, hair, office, workplace, indoor, modern, bright, light, illuminated, backlit, halo, glow, shadow, dark, contrast, business, corporate, technology, career, professional, employee, working, thinking, observing, sharpened, solitude, quiet, calm, peaceful, serious, abstract, perspective, rear, blurred, background, interior, thoughtful, contemplative, solitary, workspace, cerebral, insight, overlook",https://stock.adobe.com/stock-photo/id/1901959731
1910803768,"A close up view of a large stack of weathered rusty industrial steel pipes piled in storage highlighting their textured cylindrical form",https://t4.ftcdn.net/jpg/19/10/80/37/360_F_1910803768_iCpwEreb4lJodFqhlGvvCsHazEzLUmhg.jpg,1,1,"Bussakon",210518839,"Industry",Photo,image/jpeg,Standard,5824 x 3264,12 Feb 2026,"pipe, steel, industrial, metal, texture, stack, raw, construction, plant, welded, tube, pipeline, hardware, manufacturing, inventory, metalwork, plumbing, conduit, structure, component, cylinder, hollow, rod, bar, iron, warehouse, factory, storage, depot, yard, infrastructure, heavy, engineering, commercial, production, supply, weathered, aged, grunge, rough, dirty, worn, cylindrical, parallel, horizontal, depth, perspective",https://stock.adobe.com/stock-photo/id/1910803768
1889950406,"A polished concrete floor gleams with reflections in a modern interior space possibly under construction or renovation",https://t3.ftcdn.net/jpg/18/89/95/04/360_F_1889950406_jkPKHVysrOdAutZrFuYZxlOSMIz683Bi.jpg,1,1,"Bussakon",210518839,"Buildings and Architecture",Photo,image/jpeg,Standard,5824 x 3264,26 Jan 2026,"polished, concrete, floor, reflections, modern, interior, space, construction, renovation, smooth, surface, material, building, site, industrial, architecture, empty, new, development, professional, work, texture, light, bright, clean, shine, gleam, gloss, wet, cement, grey, grey, neutral, urban, commercial, architectural, design, minimalist, contemporary, home, office, raw, unfinished",https://stock.adobe.com/stock-photo/id/1889950406
1890919684,"Interior of a house under construction featuring unfinished wooden floorboards and structural framing showcasing a renovation project",https://t3.ftcdn.net/jpg/18/90/91/96/360_F_1890919684_8Lsz71ti5X8sf0pnUOKgvrBWwHag1Yb6.jpg,1,1,"Bussakon",210518839,"Industry",Photo,image/jpeg,Standard,5824 x 3264,27 Jan 2026,"construction, building, renovation, interior, house, home, unfinished, project, development, structure, framing, wood, timber, material, floor, flooring, plank, beam, wall, indoor, new, site, work, residential, property, improvement, carpenter's shop, bricolage, element, raw, natural, rustic, modern, architecture, design, planning, foundation, ceiling, dwelling, apartment, room, space, remodel, industry, domestic, structural, progress, potential, empty",https://stock.adobe.com/stock-photo/id/1890919684
1909459316,"Low angle view of a wet concrete floor at a construction site showing reflections of light and unfinished wooden walls",https://t4.ftcdn.net/jpg/19/09/45/93/360_F_1909459316_aBKqywOsTDpQ1xk64YG3dIux2q7bJ4M8.jpg,1,1,"Bussakon",210518839,"Industry",Photo,image/jpeg,Standard,5824 x 3264,11 Feb 2026,"construction, site, floor, wet, concrete, light, building, structure, wood, foundation, ground, dirt, damp, moisture, shine, interior, unfinished, development, project, material, rough, smooth, dark, brown, grey, textured, gleaming, sparkling, work, progress, renovation, process, phase, industrial, raw, authentic, atmospheric, moody, natural, low, angle, beam, framing, wall, plank, tool, equipment, debris",https://stock.adobe.com/stock-photo/id/1909459316
1893866929,"A rugged tool belt loaded with essential hand tools is laid out on a sandy dirt ground surface",https://t4.ftcdn.net/jpg/18/93/86/69/360_F_1893866929_wZyZXrwLbBT8kSrynI3BMZJkjF16SLig.jpg,1,1,"Bussakon",210518839,"Industry",Photo,image/jpeg,Standard,5824 x 3264,29 Jan 2026,"tool, hammer, plier, wrench, ground, sandy, dirt, hand, rugged, leather, canvas, construction, industry, work, craftsman, builder, bricolage, repair, maintenance, equipment, gear, hardware, utility, profession, job, manual, labor, sturdy, hard-wearing, portable, organised, set, collection, supply, project, implement, instrument, object, apparatus, metallic, wood, handle, earthy, brown, grey, rustic, professional, pack, pouch",https://stock.adobe.com/stock-photo/id/1893866929
1893670746,"A stack of steel pipes in a construction site  long title A stack of thick heavy steel pipes of varying sizes and lengths neatly organized in a",https://t4.ftcdn.net/jpg/18/93/67/07/360_F_1893670746_6SaL5hgU8pXO6mhlAlMSOaCj1O1SeL4z.jpg,1,1,"Bussakon",210518839,"Industry",Photo,image/jpeg,Standard,5824 x 3264,29 Jan 2026,"construction, steel, pipe, industrial, material, warehouse, storage, metal, structure, engineering, infrastructure, building, factory, heavy, hardware, stack, pipe, site, long, title, thick, tube, size, varying, neatly, pipeline, iron, round, background, technology, closeup, water, equipment, group, circle, pile, texture, manufacture, abstract, new, supply, profile, large, pvc, plumbing, stainless, cylinder, plastic",https://stock.adobe.com/stock-photo/id/1893670746
1876116539,"Scientist observing colorful chemical liquids in test tubes in a laboratory",https://t4.ftcdn.net/jpg/18/76/11/65/360_F_1876116539_gg5qPjDj4ZVC9hJxpj9vMg054yxCO7FZ.jpg,1,0.8,"Bussakon",210518839,"Science",Photo,image/jpeg,Standard,5824 x 3264,14 Jan 2026,"scientist, observing, colourful, chemical, liquid, test, tube, laboratory, laboratory, researcher, technician, man, person, hand, finger, tube, ampoule, rack, container, liquid, fluid, solution, sample, analysis, experiment, discovery, study, measurement, datum, formula, substance, material, yellow, orange, green, blue, clear, examining, holding, testing, measuring, control, development, innovation, medicals, health, industry, production, biotechnology",https://stock.adobe.com/stock-photo/id/1876116539
1910804233,"Industrial corridor stretching into the distance filled with parallel rows of large gleaming steel pipes and conduits",https://t3.ftcdn.net/jpg/19/10/80/42/360_F_1910804233_pZeWFjsY5ZyDfxpsO2eQqhMOvHo9sIJm.jpg,1,1,"Bussakon",210518839,"Industry",Photo,image/jpeg,Standard,5824 x 3264,12 Feb 2026,"pipe, steel, network, industrial, infrastructure, engineering, facility, plant, system, conduit, tube, pipeline, duct, utility, manufacturing, factory, interior, building, complex, technology, energy, power, processing, equipment, apparatus, technical, metal, shiny, smooth, perspective, depth, line, geometric, pattern, parallel, tunnel, corridor, architecture, warehouse, illumination, lighting, shadow, clean, modern, maintenance, service, production, heavy, industry",https://stock.adobe.com/stock-photo/id/1910804233
1911927252,"A warm campfire burns brightly near a tent in a serene outdoor setting at night",https://t3.ftcdn.net/jpg/19/11/92/72/360_F_1911927252_S5QdGz1kBhTzHbmuszJzfNFCKwlfdEG1.jpg,0,0,"Bussakon",210518839,"Travel",Photo,image/jpeg,Standard,5824 x 3264,13 Feb 2026,"campfire, fire, burning, tent, night, warmth, flames, log, rock, stone, camping, nature, wilderness, heat, glowing, light, cosy, peaceful, relaxation, adventure, rustic, primitive, twilight, ember, blaze, inferno, energy, natural, atmosphere, leisure, recreation, survival, evening, dark, shelter, hearth, pit, stack, pile, fuel, combustion, glow, texture, round, bright, orange, yellow, red",https://stock.adobe.com/stock-photo/id/1911927252
1894845868,"An intricate network of white plumbing pipes forms a complex maze like structure within a modern industrial setting",https://t3.ftcdn.net/jpg/18/94/84/58/360_F_1894845868_Eio71R3tQDZRyHo4daKI3cjZKdbYT3gh.jpg,1,1,"Bussakon",210518839,"Industry",Photo,image/jpeg,Standard,5824 x 3264,30 Jan 2026,"pipe, network, plumbing, complex, labyrinth, structure, modern, utility, industrial, engineering, white, tube, system, connection, joint, bend, curve, flow, passage, grooved, infrastructure, construction, mechanical, fluid, supply, drainage, installation, indoor, clean, bright, transparent, panel, glasses, ceiling, lighting, overhead, organised, tangled, connected, pattern, design, technology, circulation, distribution, background, detail, abstract, geometric, interior",https://stock.adobe.com/stock-photo/id/1894845868
1890895755,"Intense dust storm erupts from a rough weathered wooden surface suspended in the air in an outdoor industrial or construction environment",https://t4.ftcdn.net/jpg/18/90/89/57/360_F_1890895755_DUKqxPLrO52pLd64Dtp4xRdqTIRk9AdF.jpg,1,1,"Bussakon",210518839,"Travel",Photo,image/jpeg,Standard,5824 x 3264,27 Jan 2026,"dust, storm, rough, wooden, surface, suspended, air, industrial, construction, particle, cloud, motion, swirl, airborne, haze, blur, light, brown, beige, earthy, granular, dry, grit, fine, loose, dirty, ground, wood, site, environment, dirt, dirtied, disturbance, scattered, impact, movement, energy, burst, blast, force, chaos, abstract, dynamic, intense, dramatic, closeup, detail, weathered",https://stock.adobe.com/stock-photo/id/1890895755
1881806942,"Two clownfish swim side by side amidst vibrant coral in a clear ocean habitat",https://t4.ftcdn.net/jpg/18/81/80/69/360_F_1881806942_bIte5EOQiWr934MGgjsVedsq0l8sY6mx.jpg,1,1,"Bussakon",210518839,"Animals",Photo,image/jpeg,Standard,5824 x 3264,19 Jan 2026,"swimming, coral, reef, pair, fish, marin, ocean, sea, underwater, aquatic, animal, fauna, creature, couple, 2, orange, white, yellow, blue, vibrant, colourful, water, habitat, ecosystem, nature, natural, deep, clear, together, close, harmony, peaceful, serene, calm, life, wildlife, fin, scale, stripes, pattern, detail, sharpened, depth, background, bokeh, delicate, round, small",https://stock.adobe.com/stock-photo/id/1881806942
1890916855,"Neatly stacked raw lumber planks outdoors on a sunny day showcasing their natural wood grain and texture",https://t3.ftcdn.net/jpg/18/90/91/68/360_F_1890916855_ibcY3RK244SnAvD6UUJSIXee1pfe5um1.jpg,1,1,"Bussakon",210518839,"Industry",Photo,image/jpeg,Standard,5824 x 3264,27 Jan 2026,"wood, timbering, plank, timber, stack, pile, material, construction, industry, natural, raw, grain, texture, brown, rustic, aged, rough, dry, woodcut, carpenter's shop, workshop, building, storage, forest, production, carpenter's shop, furniture, material, sunlight, shadow, daylight, nobody, woodpile, logging, trade, resource, solid, heavy, organic, nature, rural, weathered, surface, straight, parallel, cut",https://stock.adobe.com/stock-photo/id/1890916855
1891367918,"A clear plastic bottle of water with a blank white label sits on a wooden desk next to potted plants in an office setting",https://t4.ftcdn.net/jpg/18/91/36/79/360_F_1891367918_Ja8VBen3qRt1hNwxc1gedqJDhHUzYvnS.jpg,1,1,"Bussakon",210518839,"Drinks",Photo,image/jpeg,Standard,5824 x 3264,27 Jan 2026,"water, bottle, desk, plant, office, label, wooden, plastic, white, interior, refreshment, drink, beverage, liquid, container, thirst, workspace, table, laptop, greenery, pot, clear, transparent, health, indoor, natural, light, bright, clean, tidy, professional, study, work, sharpened, texture, simplicity, modern, daily, calm, depth, foreground, background, arrangement, still, life, subtile, soft, polished, surface",https://stock.adobe.com/stock-photo/id/1891367918
1892959973,"Detailed close up of various network and data cables plugged into ports on the rear panel of modern electronic equipment",https://t4.ftcdn.net/jpg/18/92/95/99/360_F_1892959973_leMFiz6H55eluSFPZqJxbTlH7FF0ODUT.jpg,1,1,"Bussakon",210518839,"Technology",Photo,image/jpeg,Standard,5824 x 3264,28 Jan 2026,"network, cable, connection, technology, equipment, device, server, hardware, electronic, digital, datum, port, interface, link, transfer, signal, infrastructure, communication, closeup, detail, sharpened, blur, background, light, indicator, led, metal, plastic, black, yellow, grey, texture, panel, rear, back, secure, access, modern, professional, setup, maintenance, information, control, management, modem, router, switch, wiring, system",https://stock.adobe.com/stock-photo/id/1892959973
1725328477,"Dramatic mist shrouded green mountain ranges under a stormy cloudy sky with atmospheric lighting",https://t3.ftcdn.net/jpg/17/25/32/84/360_F_1725328477_XVKk56D3a3bthxQzCZZgBvIDpiU2vsFS.jpg,1,0.2,"Bussakon",210518839,"Landscapes",Photo,image/jpeg,Standard,5824 x 3264,25 Sept 2025,"mountain, landscape, mist, cloud, stormy, nature, dramatic, scenic, green, environment, view, natural, geology, peak, summit, ridge, vale, terrain, highland, wilderness, remote, untouched, rugged, erosion, formation, fog, cloud, moody, overcast, sky, weather, atmosphere, aethereal, haze, vapour, gloom, shade, light, dark, bright, ray, blue, grey, white, majestic, serene, tranquil",https://stock.adobe.com/stock-photo/id/1725328477
1902561163,"A high speed industrial metal shaft rotates on a precision hining lathe within a brightly lit factory workshop",https://t4.ftcdn.net/jpg/19/02/56/11/360_F_1902561163_MMgQQl8ytDjd4CSwN1tUDQzrDZF6R8Io.jpg,1,1,"Bussakon",210518839,"Industry",Photo,image/jpeg,Standard,5824 x 3264,5 Feb 2026,"metal, steel, shaft, roller, factory, industrial, manufacturing, production, equipment, workshop, process, turning, grinding, spinning, rotating, engineering, technology, precision, component, part, work, facility, interior, building, assembly, polishing, finishing, heavy, large, cylinder, shiny, reflective, smooth, dynamic, motion, blur, light, tool, power, progress, automation, modern, clean, metallic, line, high technology, industry, fabrication, raw",https://stock.adobe.com/stock-photo/id/1902561163
1875615058,"Young professional man in formal attire holds a document looking confidently at the in a modern office with a blurred window background",https://t3.ftcdn.net/jpg/18/75/61/50/360_F_1875615058_XSCnzPN7e32JYoT5Q5Nl4X5lEJdji7j5.jpg,1,0.8,"Bussakon",210518839,"Business",Photo,image/jpeg,Standard,5824 x 3264,13 Jan 2026,"young, professional, man, formal, attire, document, holding, modern, office, blurred, window, background, profession, business, male, work, paper, shirt, attaching, confident, serious, focused, looking, portrait, indoor, interior, glasses, light, soft, corporate, executive, employee, career, success, cognition, information, report, presentation, strategy, planning, smart, clean, contemporary, adult, photogenic, communication, project, analysis",https://stock.adobe.com/stock-photo/id/1875615058
1875583587,"A scrap metal yard at twilight with a dramatic sky filled with colorful clouds",https://t4.ftcdn.net/jpg/18/75/58/35/360_F_1875583587_KGpQygBJFXafsTBBkFwnhCIBSftOvlea.jpg,1,0.8,"Bussakon",210518839,"Industry",Photo,image/jpeg,Standard,5824 x 3264,13 Jan 2026,"scrap, metal, pile, twilight, sky, industrial, yard, dramatic, cloud, junkyard, waste, debris, junk, recycling, dusk, dawn, moody, light, evening, morning, rust, weathered, broken, damaged, urban, decay, renewal, material, industry, heap, stack, resource, construction, power, engineering, logistic, storage, bulk, equipment, dirty, grunge, textured, landscape, background, abstract, chaos, order",https://stock.adobe.com/stock-photo/id/1875583587
1889566775,"Vast empty industrial warehouse interior with a polished concrete floor reflecting bright overhead lights showcasing its spaciousness and modern",https://t4.ftcdn.net/jpg/18/89/56/67/360_F_1889566775_GSgkHWWDdQzxd2dY2eVBZ78iNYb8AnJT.jpg,1,1,"Bussakon",210518839,"Industry",Photo,image/jpeg,Standard,5824 x 3264,26 Jan 2026,"huge, empty, industrial, warehouse, interior, polished, concrete, floor, bright, light, modern, architecture, large, space, shiny, clean, illumination, ceiling, beam, column, wall, perspective, symmetry, depth, building, structure, construction, manufacturing, logistic, distribution, storage, commercial, business, functional, open, new, renovation, project, infrastructure, facility, design, architectural, urban, minimalist, lighting, reflective, venue, hall",https://stock.adobe.com/stock-photo/id/1889566775
1902673924,"Construction barrier on a dusty road at a work zone blocking the way",https://t4.ftcdn.net/jpg/19/02/67/39/360_F_1902673924_1GspVAYztAfOpDLc0X2l66StIxUyxhrF.jpg,1,1,"Bussakon",210518839,"Industry",Photo,image/jpeg,Standard,5824 x 3264,5 Feb 2026,"construction, barrier, dirt, dust, orange, white, hazard, warning, road, work, zone, safety, site, ground, debris, gravel, sand, obstruction, detour, closed, prohibited, industrial, infrastructure, public, area, protection, caution, barricade, fence, material, equipment, temporary, daytime, sunlight, motion, atmospheric, environment, dry, rough, urban, development, progress, project, signs, traffic, control, obstacle",https://stock.adobe.com/stock-photo/id/1902673924
1902485096,"A confident professional man with a warm smile leans against a wall in a bright modern office corridor",https://t3.ftcdn.net/jpg/19/02/48/50/360_F_1902485096_1r5uNi1trYeg4T4Y5GZKbrjiJX6M7WVY.jpg,1,1,"Bussakon",210518839,"People",Photo,image/jpeg,Standard,5824 x 3264,5 Feb 2026,"man, professional, smiling, office, confident, portrait, modern, happy, indoor, business, male, person, employee, men at work, executive, corporate, career, success, achievement, leader, management, young, adult, attractive, casual attire, shirt, smart, attire, bright, light, clean, interior, hallway, corridor, building, workspace, people, face, looking, posed, natural, relaxed, optimistic, friendly, positive, mood, emotion, engagement, connection",https://stock.adobe.com/stock-photo/id/1902485096
1889993196,"Close up of a Bunsen burner flame in a science laboratory",https://t4.ftcdn.net/jpg/18/89/99/31/360_F_1889993196_XAtQCoXyzIN1OxhRnKylsQiFvGOSQqDi.jpg,1,1,"Bussakon",210518839,"Science",Photo,image/jpeg,Standard,5824 x 3264,26 Jan 2026,"burner, flames, science, laboratory, fire, gas, experiment, heating, education, research, study, investigation, analysis, classroom, institution, workstation, table, bench, equipment, orange, yellow, blue, bright, light, heat, glow, bokeh, blurred, sharpened, detail, closeup, metallic, silver, energy, chemical, physics, discovery, safety, precision, abstract, background",https://stock.adobe.com/stock-photo/id/1889993196
1892750725,"Graceful golden seaweed swaying in a vibrant underwater coral reef",https://t4.ftcdn.net/jpg/18/92/75/07/360_F_1892750725_jKVxy6oWYyWoxHmkQRgXzEbyox2Ejicn.jpg,1,1,"Bussakon",210518839,"Plants and Flowers",Photo,image/jpeg,Standard,5824 x 3264,28 Jan 2026,"nature, underwater, ocean, seaweed, coral, aquatic, kelp, marin, greenery, flora, blue, plant, water, sea, life, ecosystem, environment, tranquil, peaceful, movement, flowing, graceful, texture, pattern, swaying, vibrant, yellow, gold, autumn, foliage, lush, organic, natural, biodiversity, aquarium, ecology, landscape, beauty, soothing, serene, calmness, growth, dynamic, photo, digital",https://stock.adobe.com/stock-photo/id/1892750725
1760446222,"A dramatic stylized red anatomical heart suspended in dark smoky atmosphere symbolizing emotion life and mystery",https://t3.ftcdn.net/jpg/17/60/44/62/360_F_1760446222_cmchsMg2w1iMiFXNwc1g2L4LxBgSUUno.jpg,1,0.2,"Bussakon",210518839,"Science",Photo,image/jpeg,Standard,5824 x 3264,19 Oct 2025,"red, nubes, suspended, dark, smoke, anatomical, emotion, mystery, organ, anatomy, vein, blood, crimson, scarlet, black, fog, mist, cloud, haze, darkness, love, passion, fear, soul, spirit, symbol, danger, warning, drama, gloom, shadow, ominous, eerie, intense, surreal, abstract, gothic, horror, skittish, life, health, medicals, cardio, cardiac, hanging, isolated, single, sharpened, closeup",https://stock.adobe.com/stock-photo/id/1760446222
1902287069,"A wooden stick marking a steep rocky hiking trail with a blurred natural landscape background",https://t3.ftcdn.net/jpg/19/02/28/70/360_F_1902287069_kYkQZsaIU8TfFDUTcuKcY3KJAdZ09pi0.jpg,1,1,"Bussakon",210518839,"Landscapes",Photo,image/jpeg,Standard,5824 x 3264,5 Feb 2026,"hiking, stick, ground, infused, planted, path, trail, nature, wood, dirt, earth, dirtied, rock, stone, greenery, grass, foliage, forest, hill, mountain, slope, side, texture, rough, rustic, natural, organic, dry, brown, beige, light, shadow, sharpened, blurred, background, distance, perspective, travel, adventure, journey, solitary, landmark, marker, guidance, way, direction, environment, scenic",https://stock.adobe.com/stock-photo/id/1902287069
1891324542,"A large stack of documents and files in manila folders is organized on a wooden shelf in an office setting suggesting a busy work environment",https://t4.ftcdn.net/jpg/18/91/32/45/360_F_1891324542_S8YiqiWSaow0S67oLJ4th2vGESbJFkOY.jpg,2,2,"Bussakon",210518839,"Hobbies and Leisure",Photo,image/jpeg,Standard,5824 x 3264,27 Jan 2026,"document, stack, paper, folder, file, shelf, office, wood, storage, archive, organisation, clutter, information, datum, work, business, professional, administrative, record, management, paperwork, sorting, research, filing, legal, financial, project, planning, heap, pile, quantity, many, collection, interior, indoor, light, desk, stationery, bureaucracy, chaos, complexity, disorder, order, load, heavy, important, detail, texture, background",https://stock.adobe.com/stock-photo/id/1891324542
1882636081,"A serene campfire glows on a rocky lakeshore with smoke drifting through a misty tree lined natural landscape",https://t3.ftcdn.net/jpg/18/82/63/60/360_F_1882636081_MViawkLit2DurEjx2jr4fzcTaRhQR2ge.jpg,1,1,"Bussakon",210518839,"Landscapes",Photo,image/jpeg,Standard,5824 x 3264,20 Jan 2026,"campfire, lakeshore, smoke, misty, landscape, nature, serene, lake, water, shore, coast, beach, sand, rock, stone, tree, forest, wood, outdoors, wilderness, tranquil, peaceful, fog, air, sky, light, dawn, morning, evening, day, summer, season, quiet, fire, burning, flames, wood, log, heat, ember, camping, recreation, relaxation, solitude, warmth, cosy, brown",https://stock.adobe.com/stock-photo/id/1882636081
1903776638,"An empty office cubicle farm with overhead fluorescent lighting and subtle desk illumination",https://t3.ftcdn.net/jpg/19/03/77/66/360_F_1903776638_10FdVi4FUyQklN8k30K6VIOughvUnbRp.jpg,1,1,"Bussakon",210518839,"Buildings and Architecture",Photo,image/jpeg,Standard,5824 x 3264,6 Feb 2026,"office, cubicle, workspace, interior, business, corporate, empty, modern, work, professional, lighting, furniture, desk, workstation, partition, ceiling, carpet, beige, tan, organisation, structure, layout, room, space, quiet, silence, nobody, vacant, clean, bright, light, design, administrative, employment, career, technology, environment, industrial, modular, drawer, storage, perspective, depth, scene, background, area, division",https://stock.adobe.com/stock-photo/id/1903776638
1873052139,"A person holds a partitioned disposable container filled with a colorful balanced meal ready for takeaway",https://t4.ftcdn.net/jpg/18/73/05/21/360_F_1873052139_ja1hmLKOHA07sXNoYA1Pk3BxdGjBF3iT.jpg,1,0.8,"Bussakon",210518839,"Food",Photo,image/jpeg,Standard,5824 x 3264,11 Jan 2026,"colourful, healthy, food, box, meal, balanced, dish, lunch, dinner, cookery, nourishment, diet, organic, fresh, wholesome, delicious, epicure, catering, take-away, bento, tray, container, portion, protein, chicken, fish, meat, broccoli, bean, carrot, vegetable, grain, couscous, potato, herb, rosemary, dill, sauce, garnish, hand, holding, serving, presenting, offering, prepared, arranged, stacked, individual, disposable",https://stock.adobe.com/stock-photo/id/1873052139
1882483469,"A glowing orange line graph showing upward global economic trends over a dotted world map",https://t3.ftcdn.net/jpg/18/82/48/34/360_F_1882483469_oU8fE9KlGJmGQYa73RkZ7elGvswXcinl.jpg,1,1,"Bussakon",210518839,"Business",Photo,image/jpeg,Standard,5824 x 3264,20 Jan 2026,"global, economic, trend, graph, earth, map, growth, globe, line, chart, trend, progress, datum, finance, economic, business, international, network, connection, information, digital, technology, dashboard, display, projection, statistic, analysis, survey, report, forecast, future, success, upward, rise, increase, development, economy, market, commerce, trade, investment, strategy, planning, conceptual, abstract, modern, dark, glowing",https://stock.adobe.com/stock-photo/id/1882483469
1878308721,"A succulent grilled chicken breast glistening with glaze and herbs rests on a hot grill with steam rising",https://t4.ftcdn.net/jpg/18/78/30/87/360_F_1878308721_ZCJow5jbRIV5l0WLrhHsXasAuMeeeKdM.jpg,1,0.9,"Bussakon",210518839,"Food",Photo,image/jpeg,Standard,5824 x 3264,16 Jan 2026,"grilled, chicken, breast, herb, delicious, cooking, bar-b-q, grill, food, meat, protein, healthy, cookery, epicure, seasoned, marinated, glazed, browned, juicy, tender, hot, steam, smoke, culinary, cooked, meal, dinner, lunch, dinner, natural, fresh, tasty, savoury, nourishment, eatery, chef, appetising, scorching, mark, garnish, kitchen, broiled, roasted, diet, nourishment, hunger, feast, texture",https://stock.adobe.com/stock-photo/id/1878308721
1902500263,"Close up of a concrete construction site floor with a prominent joint and visible rebar set against a blurred background of industrial development",https://t3.ftcdn.net/jpg/19/02/50/02/360_F_1902500263_Ov10Kdrw40ExvQIOeixobdTqqWehQfa8.jpg,1,1,"Bussakon",210518839,"Transport",Photo,image/jpeg,Standard,5824 x 3264,5 Feb 2026,"concrete, floor, surface, construction, building, site, joint, seam, rebar, reinforcement, material, texture, pattern, industrial, outdoors, urban, development, infrastructure, project, structure, work, foundation, slab, progress, engineering, grey, grey, neutral, rough, granular, detailed, closeup, perspective, foreground, background, blur, line, division, grid, contrast, light, shadow, paving, poured, setting, renovation, architecture, design",https://stock.adobe.com/stock-photo/id/1902500263
1874510385,"Close up overhead view of vibrant green matcha tea with thick froth in a dark ceramic cup",https://t4.ftcdn.net/jpg/18/74/51/03/360_F_1874510385_ZRnr08EcB0jEoYk5RMIk123qnv32Z2q1.jpg,1,0.8,"Bussakon",210518839,"Food",Photo,image/jpeg,Standard,5824 x 3264,12 Jan 2026,"frothy, matcha, green, tea, cup, drink, beverage, foamy, bubbly, liquid, mug, ceramic, closeup, overhead, vibrant, bright, healthy, natural, organic, pure, refreshment, wellness, detox, lifestyle, energy, morning, break, delicious, tasty, serving, blended, poured, background, texture, wood, table, refreshing, smooth, dark, rich, fresh, infusion, tableware, food",https://stock.adobe.com/stock-photo/id/1874510385
1903753446,"Large stacks of wooden panels inside a commercial warehouse",https://t3.ftcdn.net/jpg/19/03/75/34/360_F_1903753446_Sqpc9qQVehTFPZzWz4ahgVUjtUfE3PEL.jpg,1,1,"Bussakon",210518839,"Industry",Photo,image/jpeg,Standard,5824 x 3264,6 Feb 2026,"warehouse, wooden, panel, stacked, commercial, storage, raw, material, industry, organised, wood, timbering, construction, building, inventory, commodity, timber, supply, bulk, factory, production, manufacturing, interior, aisle, shelf, pallet, brown, texture, grain, sheet, wood grain, indoor, good, distribution, trade, depot, shelter, roof, light, ceiling, concrete, floor, perspective, long, row, freight, logistic, natural",https://stock.adobe.com/stock-photo/id/1903753446
1889979364,"A construction worker wearing a yellow hard hat and safety vest is ascending a tall metal ladder against a bright sky",https://t4.ftcdn.net/jpg/18/89/97/93/360_F_1889979364_GBfm8VQ4Dm0A6tTPWtPvTKSFMjZFoxGI.jpg,1,1,"Bussakon",210518839,"Industry",Photo,image/jpeg,Standard,5824 x 3264,26 Jan 2026,"construction, men at work, ladder, climbing, sunlight, man, person, labourer, builder, contractor, shopkeeper, professional, climber, helmet, hard hat, safety, vest, yellow, reflective, gear, workwear, protection, ascending, reaching, working, building, labor, job, task, progress, movement, upward, stair, metal, industrial, sky, blue, cloud, sun, bright, day, height, elevation, structure, support, equipment, success",https://stock.adobe.com/stock-photo/id/1889979364
1904341250,"A dark red liquid in a glass bowl on a metallic laboratory bench with scientific equipment",https://t3.ftcdn.net/jpg/19/04/34/12/360_F_1904341250_PTZp67z3sR8tzn1aDPcqXHU1BSKr5o8b.jpg,1,1,"Bussakon",210518839,"Science",Photo,image/jpeg,Standard,5824 x 3264,7 Feb 2026,"laboratory, science, research, experiment, liquid, solution, chemical, analysis, testing, beaker, glasses, bowl, substance, fluid, dark, red, purple, bench, countertop, metallic, steel, equipment, tool, measurement, sample, mixture, reaction, discovery, investigation, academic, study, precision, detail, sharpened, closeup, indoor, bokeh, laboratory, medicals, chemistry, biology, innovation, ingredient, material, composition, density, colours, tone, deep",https://stock.adobe.com/stock-photo/id/1904341250
1890025838,"Majestic Milky Way galaxy arches over a serene reflective lake at night with silhouetted mountains on the horizon",https://t3.ftcdn.net/jpg/18/90/02/58/360_F_1890025838_0JwNg8eCwjJ23bzqrt5bf3sReWROTkSC.jpg,1,1,"Bussakon",210518839,"Landscapes",Photo,image/jpeg,Standard,5824 x 3264,26 Jan 2026,"lactic, way, galaxy, night, sky, star, lake, mountain, starry, cosmos, celestial, universe, astronomy, constellations, deep, dark, infinite, light, bright, shimmering, twinkling, high-coloured, landscape, nature, water, calm, tranquil, serene, peaceful, hill, silhouette, horizon, natural, wilderness, scenic, beauty, view, awe, wonder, majestic, magical, aethereal, dreamy, atmospheric, mysterious, quiet",https://stock.adobe.com/stock-photo/id/1890025838
1875621695,"A sophisticated black and gold fountain pen rests on a signed document symbolizing formal business agreements and legal transactions",https://t3.ftcdn.net/jpg/18/75/62/16/360_F_1875621695_84YkklPZb1CPzRV8Ikn8p2EwRWlZhDzp.jpg,2,1.6,"Bussakon",210518839,"Business",Photo,image/jpeg,Standard,5824 x 3264,13 Jan 2026,"fountain, pen, document, signature, signing, business, writing, ink, paper, contract, agreements, office, professional, desk, table, wood, black, gold, metallic, shiny, closeup, detail, stationery, executive, formal, important, legal, commitment, deal, negotiation, approval, authorisation, decision, completion, success, achievement, elegant, sophisticated, classic, refined, focused, quiet, calm, contemplative, vintage, antique, paperwork, instrument, glossy",https://stock.adobe.com/stock-photo/id/1875621695
1878487317,"Four smiling children enjoying an outdoor dinner at dusk",https://t4.ftcdn.net/jpg/18/78/48/73/360_F_1878487317_9koTSKQdDgFfdBwzaumZ4KBAGra9iHvO.jpg,1,0.9,"Bussakon",210518839,"People",Photo,image/jpeg,Standard,5824 x 3264,16 Jan 2026,"children, smiling, dinner, dusk, children, girl, boy, youth, young, people, face, smile, friendship, group, gathering, dining, eating, meal, dinner, party, socialising, garden, terrace, patio, evening, sunset, light, nature, tree, landscape, happy, joyful, cheerful, content, positive, warm, pleasant, relaxed, table, food, plate, wine, glasses, shallow, depth, sharpened, bokeh, childhood",https://stock.adobe.com/stock-photo/id/1878487317
1891167244,"Detailed view of a rustic wooden structural framework in a building under construction",https://t3.ftcdn.net/jpg/18/91/16/72/360_F_1891167244_MBxB1SETD9Ty2NFfe5xrtdgUH0NGaOMy.jpg,1,1,"Bussakon",210518839,"Industry",Photo,image/jpeg,Standard,5824 x 3264,27 Jan 2026,"wood, timber, beam, post, braces, support, structure, construction, building, carpenter's shop, joinery, interior, material, natural, rustic, old, vintage, rough, grain, texture, strong, frame, architecture, engineering, project, renovation, repair, framework, pillar, column, angled, diagonal, joint, connection, structural, work, industry, craft, hand-made, wooden, raw, detailed, traditional, house, shed, barn, roof, ceiling",https://stock.adobe.com/stock-photo/id/1891167244
1904373984,"A dropper carefully dispenses a drop of clear liquid into a beaker with a blurred flask in a science lab",https://t4.ftcdn.net/jpg/19/04/37/39/360_F_1904373984_yfcNrlFpS7KwlBTsS47YwIHA4uADQyIb.jpg,1,1,"Bussakon",210518839,"Science",Photo,image/jpeg,Standard,5824 x 3264,7 Feb 2026,"dropper, dripped, liquid, clear, beaker, blurred, flask, science, laboratory, research, pipette, glasses, container, laboratory, experiment, analysis, test, sample, fluid, solution, chemical, ampoule, apparatus, tool, development, discovery, innovation, adding, measuring, testing, mixing, dropping, dripping, chemistry, biology, medicals, health care, studio, clean, modern, sterile, professional, equipment, background, sharpened, detail, precision, accuracy",https://stock.adobe.com/stock-photo/id/1904373984
1893677028,"Heavy wooden block suspended by a steel chain and pulley system in a factory",https://t3.ftcdn.net/jpg/18/93/67/70/360_F_1893677028_rqfHF2jtAy5llbAQmaVJ9TeapmbGf8m2.jpg,2,2,"Bussakon",210518839,"Industry",Photo,image/jpeg,Standard,5824 x 3264,29 Jan 2026,"hoist, chain, pulley, block, wood, metal, load, weight, lift, lifting, industrial, factory, equipment, mechanism, steel, iron, timber, cargo, material, support, suspension, heavy, raw, rough, old, vintage, workshop, plant, warehouse, construction, manufacturing, production, interior, dark, light, building, structure, beam, roof, moving, transport, work, engineering, hauling, carrying, rust-eaten, weathered, solid, strong",https://stock.adobe.com/stock-photo/id/1893677028
1876141662,"Two scientists in lab coats present advanced metallic scientific equipment in a laboratory",https://t3.ftcdn.net/jpg/18/76/14/16/360_F_1876141662_iZzVGiN98aqtty2GBeiIuIFjewHgFxLC.jpg,1,0.8,"Bussakon",210518839,"Industry",Photo,image/jpeg,Standard,5824 x 3264,14 Jan 2026,"scientist, laboratory, coat, metallic, scientific, equipment, laboratory, research, development, advanced, science, technology, device, metal, steel, precision, component, scientist, team, professional, medicals, health care, industry, innovation, engineering, experiment, analysis, datum, measurement, control, clean, sterile, modern, facility, workshop, manufacturing, production, assembly, mechanism, cylindrical, circular, object, tool, apparatus, exam, testing, study, survey, observation",https://stock.adobe.com/stock-photo/id/1876141662
1873389596,"Close up of worn cargo pants with a textured pocket illuminated by warm golden hour sunlight",https://t4.ftcdn.net/jpg/18/73/38/95/360_F_1873389596_wq8gS0mx8TeMbqFCeJblIXfMnJCP8lE8.jpg,1,0.8,"Bussakon",210518839,"Industry",Photo,image/jpeg,Standard,5824 x 3264,11 Jan 2026,"closeup, worn, cargo, pant, pocket, gold, hours, sunlight, short, fabric, textile, weathered, hard-wearing, stitching, buttons, garment, apparel, trousers, canvas, material, outfit, wear, fashion, nature, background, blurred, light, sunset, evening, dusk, warm, soft, haze, atmosphere, exterior, grimy, dusty, textured, rough, coarse, aged, vintage, rustic, rugged, practical, layered, workwear",https://stock.adobe.com/stock-photo/id/1873389596
1873389634,"Close up of textured brown work pants featuring a belt loop pocket and metal rivets illuminated by warm golden hour sunlight",https://t3.ftcdn.net/jpg/18/73/38/96/360_F_1873389634_aFUxP2qQzgEvVB65GSodiVWvqJA4CwKh.jpg,1,0.8,"Bussakon",210518839,"Industry",Photo,image/jpeg,Standard,5824 x 3264,11 Jan 2026,"work, pant, textured, fabric, belt, loop, metal, rivet, gold, hours, workwear, clothing, texture, brown, pocket, detail, stitching, buttons, waist, garment, apparel, cotton, canvas, woven, rough, worn, weathered, hard-wearing, sturdy, earthy, tan, bronze, muted, sunlight, warm, soft, light, bright, atmospheric, dusk, dawn, rugged, casual attire, functional, practical",https://stock.adobe.com/stock-photo/id/1873389634
1877406279,"Glowing organizational diagram against a misty urban skyline",https://t3.ftcdn.net/jpg/18/77/40/62/360_F_1877406279_SGtM25X1gISX3Aj9zHOotYbZ6YoyXO2C.jpg,1,0.9,"Bussakon",210518839,"Technology",Photo,image/jpeg,Standard,5824 x 3264,15 Jan 2026,"glowing, diagram, misty, urban, skyline, structure, chart, flowchart, network, system, hierarchy, organisation, connection, link, box, rectangle, aglow, illuminated, city, building, downtown, night, dusk, dawn, mist, fog, blurry, bokeh, dark, moody, atmospheric, background, silhouette, light, illumination, datum, information, strategy, planning, process, technology, digital, abstract, concept, graphic, design, business, management",https://stock.adobe.com/stock-photo/id/1877406279
1875537895,"A construction worker holds a glowing yellow light bulb symbolizing a bright idea or solution",https://t3.ftcdn.net/jpg/18/75/53/78/360_F_1875537895_1aoqSobsrFMSDFaPo1nftxoxvaFJLRVd.jpg,1,0.8,"Bussakon",210518839,"Industry",Photo,image/jpeg,Standard,5824 x 3264,13 Jan 2026,"construction, men at work, light, bulb, glowing, yellow, bright, idea, solution, innovation, man, builder, engineer, professional, adult, person, foreman, employee, labor, technician, lamp, illumination, concept, energy, electricity, glasses, metal, screw, helmet, orange, protective, gear, uniform, holding, showing, presenting, developing, thinking, creating, brainstorming, discovering, site, building, architecture, work, industrial",https://stock.adobe.com/stock-photo/id/1875537895
1894198959,"Industrial steel pipe glowing with intense heat during manufacturing in a factory",https://t4.ftcdn.net/jpg/18/94/19/89/360_F_1894198959_snkzF7XEfW58hJB3c5lXYsq1Mv9dyK9A.jpg,1,1,"Bussakon",210518839,"Industry",Photo,image/jpeg,Standard,5824 x 3264,29 Jan 2026,"pipe, industrial, steel, glowing, heat, manufacturing, factory, hot, intense, production, tube, metal, process, engineering, raw, material, fire, flames, molten, energy, thermal, temperature, steam, vapour, smoke, plant, setting, interior, workshop, facility, infrastructure, heavy, industry, heating, processing, transporting, flowing, work, orange, yellow, red, bright, light, glow, blur, bokeh, depth, texture, power",https://stock.adobe.com/stock-photo/id/1894198959
1878033956,"A breathtaking view of a clear starry night sky peeking through the dark silhouettes of towering evergreen trees in a tranquil forest",https://t4.ftcdn.net/jpg/18/78/03/39/360_F_1878033956_R4i8jY9JbqIyMYf97Y3TCuZzoFMChwnA.jpg,1,0.9,"Bussakon",210518839,"Landscapes",Photo,image/jpeg,Standard,5824 x 3264,15 Jan 2026,"starry, night, sky, tree, evergreen, forest, tranquil, view, star, nature, outdoors, dark, blue, twinkling, bright, clear, huge, deep, aethereal, mysterious, peaceful, serene, natural, organic, silhouette, timberland, wilderness, wood, canopy, foliage, branch, pine, fir, midnight, evening, twilight, black, green, brown, silver, white, upward, looking, gazing, observing, contemplating, awe, wonder, calm",https://stock.adobe.com/stock-photo/id/1878033956
1891293187,"Interior view of raw wooden framing and beams in a building under construction",https://t4.ftcdn.net/jpg/18/91/29/31/360_F_1891293187_74x2TwMkGfA6DdOhPw2n8DMuhiCJil1W.jpg,1,1,"Bussakon",210518839,"Buildings and Architecture",Photo,image/jpeg,Standard,5824 x 3264,27 Jan 2026,"wood, timber, timbering, beam, stud, frame, construction, building, interior, house, home, site, structure, room, unfinished, raw, development, renovation, framing, assembly, engineering, planning, texture, grain, natural, light, brown, overhead, parallel, vertical, horizontal, progress, foundation, support, strength, new, industry, work, project, residential, domestic, inside, element, material, wooden, architecture, structural, carpenter's shop",https://stock.adobe.com/stock-photo/id/1891293187
698571244,"Mysterious and atmospheric scene with dark empty space. Floor is illuminated by spotlight creating dramatic interplay of light and shadows. Presence of smoke or mist element of mystery ambiance",https://t3.ftcdn.net/jpg/06/98/57/12/360_F_698571244_rQev9gxcvdjciaJjvSKvyZdMOfvglGuI.jpg,632,24.5,"Bussakon",210518839,"Graphic Resources",Photo,image/jpeg,Standard,5376 x 3584,26 Dec 2023,"dark, floor, light, smoke, abstract, empty, background, fog, black, concrete, night, interior, space, grunge, spotlight, room, old, design, cement, copy, bright, blank, scene, stage, grey, pattern, neon, effect, street, wallpaper, mist, show, studio, white, horror, club, concept, corridor, nobody, shine, illumination, entertainment, concert, beam, spot, lamp, presentation, floodlight",https://stock.adobe.com/stock-photo/id/698571244